{"Verros#9372": 0, "ben1maru#0244": 1030.5304984710244, "[<Member id=195851154536529920 name='Verros' discriminator='9372' bot=False nick=None guild=<Guild id=1074257374694621285 name='Valo10MansTest' shard_id=0 chunked=False member_count=3>>]": 969.4695015289755}